action_folder,video_name,frame_count,mean_conf,zero_ratio,status
backhand,p10_backhand_s1.avi,78,0.9296895265579224,0.0,ok
backhand,p10_backhand_s2.avi,73,0.9430949687957764,0.0,ok
backhand,p10_backhand_s3.avi,66,0.9392468333244324,0.0,ok
backhand,p11_backhand_s1.avi,92,0.9369958639144897,0.0,ok
backhand,p11_backhand_s2.avi,104,0.9326856732368469,0.0,ok
backhand,p11_backhand_s3.avi,92,0.927280604839325,0.0,ok
backhand,p12_backhand_s1.avi,90,0.9328956604003906,0.0,ok
backhand,p12_backhand_s2.avi,79,0.9361358880996704,0.0,ok
backhand,p12_backhand_s3.avi,81,0.940342128276825,0.0,ok
backhand,p13_backhand_s1.avi,74,0.9332844018936157,0.0,ok
backhand,p13_backhand_s2.avi,76,0.9152675271034241,0.0,ok
backhand,p13_backhand_s3.avi,100,0.9197577238082886,0.0,ok
backhand,p14_backhand_s1.avi,70,0.9318835139274597,0.0,ok
backhand,p14_backhand_s2.avi,71,0.9291256070137024,0.0,ok
backhand,p14_backhand_s3.avi,60,0.9188270568847656,0.0,ok
backhand,p15_backhand_s1.avi,97,0.9529863595962524,0.0,ok
backhand,p15_backhand_s2.avi,83,0.9472876191139221,0.0,ok
backhand,p15_backhand_s3.avi,91,0.9542534351348877,0.0,ok
backhand,p16_backhand_s1.avi,130,0.925303041934967,0.0,ok
backhand,p16_backhand_s2.avi,107,0.9319924116134644,0.0,ok
backhand,p16_backhand_s3.avi,99,0.9483174681663513,0.0,ok
backhand,p17_backhand_s1.avi,40,0.9592667818069458,0.0,ok
backhand,p17_backhand_s2.avi,45,0.9592768549919128,0.0,ok
backhand,p17_backhand_s3.avi,37,0.9451448321342468,0.0,ok
backhand,p18_backhand_s1.avi,66,0.9444910883903503,0.0,ok
backhand,p18_backhand_s2.avi,74,0.9426295757293701,0.0,ok
backhand,p18_backhand_s3.avi,76,0.9436548352241516,0.0,ok
backhand,p19_backhand_s1.avi,78,0.9524338245391846,0.0,ok
backhand,p19_backhand_s2.avi,72,0.9422587752342224,0.0,ok
backhand,p19_backhand_s3.avi,69,0.9447091221809387,0.0,ok
backhand,p1_backhand_s1.avi,80,0.9063993692398071,0.0,ok
backhand,p1_backhand_s2.avi,57,0.9133745431900024,0.0,ok
backhand,p1_backhand_s3.avi,72,0.9302091002464294,0.0,ok
backhand,p20_backhand_s1.avi,84,0.9245879054069519,0.0,ok
backhand,p20_backhand_s2.avi,85,0.9196709990501404,0.0,ok
backhand,p20_backhand_s3.avi,79,0.9236685037612915,0.0,ok
backhand,p21_backhand_s1.avi,61,0.9323964715003967,0.0,ok
backhand,p21_backhand_s2.avi,57,0.9371024370193481,0.0,ok
backhand,p21_backhand_s3.avi,77,0.9371064901351929,0.0,ok
backhand,p22_backhand_s1.avi,67,0.9164764881134033,0.0,ok
backhand,p22_backhand_s2.avi,69,0.9153038263320923,0.0,ok
backhand,p22_backhand_s3.avi,68,0.9217349886894226,0.0,ok
backhand,p23_backhand_s1.avi,88,0.9342781901359558,0.0,ok
backhand,p23_backhand_s2.avi,92,0.9144722819328308,0.0,ok
backhand,p23_backhand_s3.avi,89,0.9504767060279846,0.0,ok
backhand,p24_backhand_s1.avi,118,0.9148135185241699,0.0,ok
backhand,p24_backhand_s2.avi,124,0.9221791625022888,0.0,ok
backhand,p24_backhand_s3.avi,81,0.8792709708213806,0.0,ok
backhand,p25_backhand_s1.avi,61,0.9370595216751099,0.0,ok
backhand,p25_backhand_s2.avi,65,0.9392768144607544,0.0,ok
backhand,p25_backhand_s3.avi,80,0.9253884553909302,0.0,ok
backhand,p26_backhand_s1.avi,73,0.9363316297531128,0.0,ok
backhand,p26_backhand_s2.avi,59,0.9464382529258728,0.0,ok
backhand,p26_backhand_s3.avi,70,0.9296172261238098,0.0,ok
backhand,p27_backhand_s1.avi,66,0.9424496293067932,0.0,ok
backhand,p27_backhand_s2.avi,72,0.9444535374641418,0.0,ok
backhand,p27_backhand_s3.avi,56,0.9503606557846069,0.0,ok
backhand,p28_backhand_s1.avi,73,0.9626839756965637,0.0,ok
backhand,p28_backhand_s2.avi,80,0.9534823894500732,0.0,ok
backhand,p28_backhand_s3.avi,79,0.9575747847557068,0.0,ok
backhand,p29_backhand_s1.avi,64,0.9319108724594116,0.0,ok
backhand,p29_backhand_s2.avi,70,0.9382656812667847,0.0,ok
backhand,p29_backhand_s3.avi,77,0.9312291741371155,0.0,ok
backhand,p2_backhand_s1.avi,73,0.9278942942619324,0.0,ok
backhand,p2_backhand_s2.avi,68,0.9361227750778198,0.0,ok
backhand,p2_backhand_s3.avi,72,0.9271441698074341,0.0,ok
backhand,p30_backhand_s1.avi,87,0.9360224604606628,0.0,ok
backhand,p30_backhand_s2.avi,88,0.9321390390396118,0.0,ok
backhand,p30_backhand_s3.avi,93,0.9306619167327881,0.0,ok
backhand,p31_backhand_s1.avi,56,0.9434863328933716,0.0,ok
backhand,p31_backhand_s2.avi,64,0.9399469494819641,0.0,ok
backhand,p31_backhand_s3.avi,81,0.9373080730438232,0.0,ok
backhand,p32_backhand_s1.avi,28,0.9056856632232666,0.0,ok
backhand,p32_backhand_s2.avi,27,0.9020774960517883,0.0,ok
backhand,p32_backhand_s3.avi,33,0.9132295250892639,0.0,ok
backhand,p33_backhand_s1.avi,49,0.9414708614349365,0.0,ok
backhand,p33_backhand_s2.avi,39,0.9175590872764587,0.0,ok
backhand,p33_backhand_s3.avi,50,0.9150686264038086,0.0,ok
backhand,p34_backhand_s1.avi,67,0.9130985736846924,0.0,ok
backhand,p34_backhand_s2.avi,58,0.9002940654754639,0.0,ok
backhand,p34_backhand_s3.avi,66,0.904172420501709,0.0,ok
backhand,p35_backhand_s1.avi,61,0.9214269518852234,0.0,ok
backhand,p35_backhand_s2.avi,47,0.9102976322174072,0.0,ok
backhand,p35_backhand_s3.avi,59,0.9053033590316772,0.0,ok
backhand,p36_backhand_s1.avi,53,0.9111791253089905,0.0,ok
backhand,p36_backhand_s2.avi,49,0.9159932732582092,0.0,ok
backhand,p36_backhand_s3.avi,49,0.9140472412109375,0.0,ok
backhand,p37_backhand_s1.avi,74,0.9228200316429138,0.0,ok
backhand,p37_backhand_s2.avi,67,0.9285297989845276,0.0,ok
backhand,p37_backhand_s3.avi,65,0.9102565050125122,0.0,ok
backhand,p38_backhand_s1.avi,67,0.9158506989479065,0.0,ok
backhand,p38_backhand_s2.avi,66,0.904334545135498,0.0,ok
backhand,p38_backhand_s3.avi,70,0.9189270734786987,0.0,ok
backhand,p39_backhand_s1.avi,56,0.9029274582862854,0.0,ok
backhand,p39_backhand_s2.avi,68,0.9392076134681702,0.0,ok
backhand,p39_backhand_s3.avi,83,0.941307544708252,0.0,ok
backhand,p3_backhand_s1.avi,92,0.9483411312103271,0.0,ok
backhand,p3_backhand_s2.avi,77,0.9412346482276917,0.0,ok
backhand,p3_backhand_s3.avi,84,0.9406189322471619,0.0,ok
backhand,p40_backhand_s1.avi,68,0.9251049160957336,0.0,ok
backhand,p40_backhand_s2.avi,57,0.917034387588501,0.0,ok
backhand,p40_backhand_s3.avi,59,0.912594199180603,0.0,ok
backhand,p41_backhand_s1.avi,74,0.9167704582214355,0.0,ok
backhand,p41_backhand_s2.avi,62,0.8932410478591919,0.0,ok
backhand,p41_backhand_s3.avi,60,0.8945616483688354,0.0,ok
backhand,p42_backhand_s1.avi,72,0.9374853372573853,0.0,ok
backhand,p42_backhand_s2.avi,71,0.9365699887275696,0.0,ok
backhand,p42_backhand_s3.avi,87,0.9367817044258118,0.0,ok
backhand,p43_backhand_s1.avi,79,0.9255021214485168,0.0,ok
backhand,p43_backhand_s2.avi,87,0.92916339635849,0.0,ok
backhand,p43_backhand_s3.avi,85,0.9284304976463318,0.0,ok
backhand,p44_backhand_s1.avi,78,0.9259184002876282,0.0,ok
backhand,p44_backhand_s2.avi,87,0.9291552901268005,0.0,ok
backhand,p44_backhand_s3.avi,88,0.9247366189956665,0.0,ok
backhand,p45_backhand_s1.avi,76,0.9377872347831726,0.0,ok
backhand,p45_backhand_s2.avi,55,0.923995316028595,0.0,ok
backhand,p45_backhand_s3.avi,68,0.9329339861869812,0.0,ok
backhand,p46_backhand_s1.avi,69,0.9124032855033875,0.0,ok
backhand,p46_backhand_s2.avi,68,0.9077233076095581,0.0,ok
backhand,p46_backhand_s3.avi,72,0.9011080861091614,0.0,ok
backhand,p47_backhand_s1.avi,78,0.9303328394889832,0.0,ok
backhand,p47_backhand_s2.avi,63,0.8943222761154175,0.0,ok
backhand,p47_backhand_s3.avi,63,0.8943222761154175,0.0,ok
backhand,p48_backhand_s1.avi,65,0.9027076363563538,0.0,ok
backhand,p48_backhand_s2.avi,51,0.9029797315597534,0.0,ok
backhand,p48_backhand_s3.avi,70,0.9116911292076111,0.0,ok
backhand,p49_backhand_s1.avi,82,0.9216062426567078,0.0,ok
backhand,p49_backhand_s2.avi,65,0.9024897813796997,0.0,ok
backhand,p49_backhand_s3.avi,47,0.8904670476913452,0.0,ok
backhand,p4_backhand_s1.avi,95,0.9556889533996582,0.0,ok
backhand,p4_backhand_s2.avi,83,0.9564534425735474,0.0,ok
backhand,p4_backhand_s3.avi,90,0.9572889804840088,0.0,ok
backhand,p50_backhand_s1.avi,82,0.9071382880210876,0.0,ok
backhand,p50_backhand_s2.avi,79,0.8877173066139221,0.0,ok
backhand,p50_backhand_s3.avi,83,0.8675105571746826,0.0,ok
backhand,p51_backhand_s1.avi,115,0.8771223425865173,0.0,ok
backhand,p51_backhand_s2.avi,109,0.8751391768455505,0.0,ok
backhand,p51_backhand_s3.avi,115,0.8753530383110046,0.0,ok
backhand,p52_backhand_s1.avi,59,0.9295101165771484,0.0,ok
backhand,p52_backhand_s2.avi,74,0.9311296343803406,0.0,ok
backhand,p52_backhand_s3.avi,76,0.9366300106048584,0.0,ok
backhand,p53_backhand_s1.avi,82,0.9363231062889099,0.0,ok
backhand,p53_backhand_s2.avi,73,0.9308017492294312,0.0,ok
backhand,p53_backhand_s3.avi,67,0.9305835962295532,0.0,ok
backhand,p54_backhand_s1.avi,73,0.9103348851203918,0.0,ok
backhand,p54_backhand_s2.avi,76,0.9057536125183105,0.0,ok
backhand,p54_backhand_s3.avi,85,0.9134084582328796,0.0,ok
backhand,p55_backhand_s1.avi,59,0.9349978566169739,0.0,ok
backhand,p55_backhand_s2.avi,80,0.924879789352417,0.0,ok
backhand,p55_backhand_s3.avi,97,0.9125105738639832,0.0,ok
backhand,p5_backhand_s1.avi,82,0.9439566731452942,0.0,ok
backhand,p5_backhand_s2.avi,86,0.9453087449073792,0.0,ok
backhand,p5_backhand_s3.avi,79,0.9314762949943542,0.0,ok
backhand,p6_backhand_s1.avi,102,0.9363197088241577,0.0,ok
backhand,p6_backhand_s2.avi,112,0.9191860556602478,0.0,ok
backhand,p6_backhand_s3.avi,73,0.9286009669303894,0.0,ok
backhand,p7_backhand_s1.avi,77,0.9403334259986877,0.0,ok
backhand,p7_backhand_s2.avi,64,0.9300670623779297,0.0,ok
backhand,p7_backhand_s3.avi,82,0.9234158396720886,0.0,ok
backhand,p8_backhand_s1.avi,98,0.9216450452804565,0.0,ok
backhand,p8_backhand_s2.avi,74,0.9330706596374512,0.0,ok
backhand,p8_backhand_s3.avi,59,0.9233213663101196,0.0,ok
backhand,p9_backhand_s1.avi,96,0.9014081954956055,0.0,ok
backhand,p9_backhand_s2.avi,87,0.9289444088935852,0.0,ok
backhand,p9_backhand_s3.avi,90,0.9240778684616089,0.0,ok
forehand_flat,p10_foreflat_s1.avi,89,0.9461725354194641,0.0,ok
forehand_flat,p10_foreflat_s2.avi,88,0.957409679889679,0.0,ok
forehand_flat,p10_foreflat_s3.avi,95,0.9530643820762634,0.0,ok
forehand_flat,p11_foreflat_s1.avi,99,0.9342473149299622,0.0,ok
forehand_flat,p11_foreflat_s2.avi,92,0.951910674571991,0.0,ok
forehand_flat,p11_foreflat_s3.avi,90,0.9395862221717834,0.0,ok
forehand_flat,p12_foreflat_s1.avi,77,0.945513904094696,0.0,ok
forehand_flat,p12_foreflat_s2.avi,76,0.9423085451126099,0.0,ok
forehand_flat,p12_foreflat_s3.avi,75,0.9504308104515076,0.0,ok
forehand_flat,p13_foreflat_s1.avi,78,0.9294232130050659,0.0,ok
forehand_flat,p13_foreflat_s2.avi,109,0.9275279641151428,0.0,ok
forehand_flat,p13_foreflat_s3.avi,109,0.9275279641151428,0.0,ok
forehand_flat,p14_foreflat_s1.avi,80,0.9120556712150574,0.0,ok
forehand_flat,p14_foreflat_s2.avi,77,0.9302061796188354,0.0,ok
forehand_flat,p14_foreflat_s3.avi,92,0.9352994561195374,0.0,ok
forehand_flat,p15_foreflat_s1.avi,72,0.9356828927993774,0.0,ok
forehand_flat,p15_foreflat_s2.avi,78,0.9444957375526428,0.0,ok
forehand_flat,p15_foreflat_s3.avi,75,0.9419044852256775,0.0,ok
forehand_flat,p16_foreflat_s1.avi,122,0.8961202502250671,0.0,ok
forehand_flat,p16_foreflat_s2.avi,112,0.9098452925682068,0.0,ok
forehand_flat,p16_foreflat_s3.avi,123,0.9036109447479248,0.0,ok
forehand_flat,p17_foreflat_s1.avi,78,0.9442179203033447,0.0,ok
forehand_flat,p17_foreflat_s2.avi,89,0.9393185377120972,0.0,ok
forehand_flat,p17_foreflat_s3.avi,87,0.9425492286682129,0.0,ok
forehand_flat,p18_foreflat_s1.avi,87,0.918682336807251,0.0,ok
forehand_flat,p18_foreflat_s2.avi,84,0.9172918200492859,0.0,ok
forehand_flat,p18_foreflat_s3.avi,80,0.906257152557373,0.0,ok
forehand_flat,p19_foreflat_s1.avi,81,0.9423006176948547,0.0,ok
forehand_flat,p19_foreflat_s2.avi,78,0.9415575861930847,0.0,ok
forehand_flat,p19_foreflat_s3.avi,94,0.941198468208313,0.0,ok
forehand_flat,p1_foreflat_s1.avi,82,0.9313886165618896,0.0,ok
forehand_flat,p1_foreflat_s2.avi,83,0.923666775226593,0.0,ok
forehand_flat,p1_foreflat_s3.avi,91,0.9384815096855164,0.0,ok
forehand_flat,p20_foreflat_s1.avi,102,0.9406461119651794,0.0,ok
forehand_flat,p20_foreflat_s2.avi,92,0.9360815286636353,0.0,ok
forehand_flat,p20_foreflat_s3.avi,94,0.9393747448921204,0.0,ok
forehand_flat,p21_foreflat_s1.avi,76,0.934402585029602,0.0,ok
forehand_flat,p21_foreflat_s2.avi,68,0.9343016743659973,0.0,ok
forehand_flat,p21_foreflat_s3.avi,83,0.93342524766922,0.0,ok
forehand_flat,p22_foreflat_s1.avi,77,0.8968665599822998,0.0,ok
forehand_flat,p22_foreflat_s2.avi,78,0.9066424369812012,0.0,ok
forehand_flat,p22_foreflat_s3.avi,84,0.8980157375335693,0.0,ok
forehand_flat,p23_foreflat_s1.avi,75,0.9303791522979736,0.0,ok
forehand_flat,p23_foreflat_s2.avi,76,0.9266344904899597,0.0,ok
forehand_flat,p23_foreflat_s3.avi,73,0.9152829051017761,0.0,ok
forehand_flat,p24_foreflat_s1.avi,108,0.8777057528495789,0.0,ok
forehand_flat,p24_foreflat_s2.avi,128,0.9098230004310608,0.0,ok
forehand_flat,p24_foreflat_s3.avi,114,0.8791441321372986,0.0,ok
forehand_flat,p25_foreflat_s1.avi,75,0.9460283517837524,0.0,ok
forehand_flat,p25_foreflat_s2.avi,67,0.9346166253089905,0.0,ok
forehand_flat,p25_foreflat_s3.avi,67,0.9191494584083557,0.0,ok
forehand_flat,p26_foreflat_s1.avi,79,0.9377375841140747,0.0,ok
forehand_flat,p26_foreflat_s2.avi,77,0.9406712055206299,0.0,ok
forehand_flat,p26_foreflat_s3.avi,82,0.9417995810508728,0.0,ok
forehand_flat,p27_foreflat_s1.avi,82,0.9378949403762817,0.0,ok
forehand_flat,p27_foreflat_s2.avi,72,0.938188910484314,0.0,ok
forehand_flat,p27_foreflat_s3.avi,74,0.9429528713226318,0.0,ok
forehand_flat,p28_foreflat_s1.avi,80,0.9482707381248474,0.0,ok
forehand_flat,p28_foreflat_s2.avi,78,0.9499415755271912,0.0,ok
forehand_flat,p28_foreflat_s3.avi,71,0.9399150013923645,0.0,ok
forehand_flat,p29_foreflat_s1.avi,90,0.9197111129760742,0.0,ok
forehand_flat,p29_foreflat_s2.avi,75,0.9168531894683838,0.0,ok
forehand_flat,p29_foreflat_s3.avi,86,0.9316290020942688,0.0,ok
forehand_flat,p2_foreflat_s1.avi,84,0.9229057431221008,0.0,ok
forehand_flat,p2_foreflat_s2.avi,84,0.9243680238723755,0.0,ok
forehand_flat,p2_foreflat_s3.avi,75,0.9243631362915039,0.0,ok
forehand_flat,p30_foreflat_s1.avi,108,0.9234753251075745,0.0,ok
forehand_flat,p30_foreflat_s2.avi,95,0.9248842000961304,0.0,ok
forehand_flat,p30_foreflat_s3.avi,109,0.9274734854698181,0.0,ok
forehand_flat,p31_foreflat_s1.avi,83,0.8922713398933411,0.0,ok
forehand_flat,p31_foreflat_s2.avi,99,0.9391903281211853,0.0,ok
forehand_flat,p31_foreflat_s3.avi,77,0.876046895980835,0.0,ok
forehand_flat,p32_foreflat_s1.avi,80,0.9395222663879395,0.0,ok
forehand_flat,p32_foreflat_s2.avi,71,0.9429574608802795,0.0,ok
forehand_flat,p32_foreflat_s3.avi,70,0.9419444799423218,0.0,ok
forehand_flat,p33_foreflat_s1.avi,47,0.9083701372146606,0.0,ok
forehand_flat,p33_foreflat_s2.avi,41,0.9132190346717834,0.0,ok
forehand_flat,p33_foreflat_s3.avi,56,0.9172337651252747,0.0,ok
forehand_flat,p34_foreflat_s1.avi,69,0.9405108690261841,0.0,ok
forehand_flat,p34_foreflat_s2.avi,55,0.9421407580375671,0.0,ok
forehand_flat,p34_foreflat_s3.avi,59,0.9465275406837463,0.0,ok
forehand_flat,p35_foreflat_s1.avi,43,0.9126532673835754,0.0,ok
forehand_flat,p35_foreflat_s2.avi,57,0.9330756068229675,0.0,ok
forehand_flat,p35_foreflat_s3.avi,57,0.9091149568557739,0.0,ok
forehand_flat,p36_foreflat_s1.avi,48,0.9014545679092407,0.0,ok
forehand_flat,p36_foreflat_s2.avi,45,0.8992648124694824,0.0,ok
forehand_flat,p36_foreflat_s3.avi,59,0.9033058285713196,0.0,ok
forehand_flat,p37_foreflat_s1.avi,84,0.9397075176239014,0.0,ok
forehand_flat,p37_foreflat_s2.avi,74,0.9387401938438416,0.0,ok
forehand_flat,p37_foreflat_s3.avi,76,0.9134137630462646,0.0,ok
forehand_flat,p38_foreflat_s1.avi,70,0.9264601469039917,0.0,ok
forehand_flat,p38_foreflat_s2.avi,51,0.941238284111023,0.0,ok
forehand_flat,p38_foreflat_s3.avi,62,0.9427067041397095,0.0,ok
forehand_flat,p39_foreflat_s1.avi,67,0.9328452348709106,0.0,ok
forehand_flat,p39_foreflat_s2.avi,74,0.945432722568512,0.0,ok
forehand_flat,p39_foreflat_s3.avi,62,0.9414687752723694,0.0,ok
forehand_flat,p3_foreflat_s1.avi,85,0.9324064254760742,0.0,ok
forehand_flat,p3_foreflat_s2.avi,91,0.9374397397041321,0.0,ok
forehand_flat,p3_foreflat_s3.avi,85,0.9344152212142944,0.0,ok
forehand_flat,p40_foreflat_s1.avi,55,0.9111878275871277,0.0,ok
forehand_flat,p40_foreflat_s2.avi,53,0.8917907476425171,0.0,ok
forehand_flat,p40_foreflat_s3.avi,67,0.8871402144432068,0.0,ok
forehand_flat,p41_foreflat_s1.avi,64,0.9454081058502197,0.0,ok
forehand_flat,p41_foreflat_s2.avi,60,0.9451615810394287,0.0,ok
forehand_flat,p41_foreflat_s3.avi,61,0.9399575591087341,0.0,ok
forehand_flat,p42_foreflat_s1.avi,65,0.912194013595581,0.0,ok
forehand_flat,p42_foreflat_s2.avi,70,0.911418080329895,0.0,ok
forehand_flat,p42_foreflat_s3.avi,68,0.8997204899787903,0.0,ok
forehand_flat,p43_foreflat_s1.avi,63,0.929415762424469,0.0,ok
forehand_flat,p43_foreflat_s2.avi,69,0.9345293045043945,0.0,ok
forehand_flat,p43_foreflat_s3.avi,62,0.9260926842689514,0.0,ok
forehand_flat,p44_foreflat_s1.avi,61,0.9126342535018921,0.0,ok
forehand_flat,p44_foreflat_s2.avi,61,0.9128922820091248,0.0,ok
forehand_flat,p44_foreflat_s3.avi,74,0.9206888675689697,0.0,ok
forehand_flat,p45_foreflat_s1.avi,64,0.9398884773254395,0.0,ok
forehand_flat,p45_foreflat_s2.avi,56,0.9264599680900574,0.0,ok
forehand_flat,p45_foreflat_s3.avi,64,0.9357469081878662,0.0,ok
forehand_flat,p46_foreflat_s1.avi,64,0.9201198220252991,0.0,ok
forehand_flat,p46_foreflat_s2.avi,60,0.9101639986038208,0.0,ok
forehand_flat,p46_foreflat_s3.avi,60,0.9115257263183594,0.0,ok
forehand_flat,p47_foreflat_s1.avi,61,0.9444425106048584,0.0,ok
forehand_flat,p47_foreflat_s2.avi,49,0.9302751421928406,0.0,ok
forehand_flat,p47_foreflat_s3.avi,59,0.9347180724143982,0.0,ok
forehand_flat,p48_foreflat_s1.avi,66,0.9378050565719604,0.0,ok
forehand_flat,p48_foreflat_s2.avi,57,0.9407938122749329,0.0,ok
forehand_flat,p48_foreflat_s3.avi,58,0.9393707513809204,0.0,ok
forehand_flat,p49_foreflat_s1.avi,54,0.8915461301803589,0.0,ok
forehand_flat,p49_foreflat_s2.avi,73,0.8998146057128906,0.0,ok
forehand_flat,p49_foreflat_s3.avi,77,0.8986676335334778,0.0,ok
forehand_flat,p4_foreflat_s1.avi,93,0.9533696174621582,0.0,ok
forehand_flat,p4_foreflat_s2.avi,88,0.9463505148887634,0.0,ok
forehand_flat,p4_foreflat_s3.avi,92,0.9517502784729004,0.0,ok
forehand_flat,p50_foreflat_s1.avi,83,0.9317291975021362,0.0,ok
forehand_flat,p50_foreflat_s2.avi,95,0.9430670142173767,0.0,ok
forehand_flat,p50_foreflat_s3.avi,97,0.9454429149627686,0.0,ok
forehand_flat,p51_foreflat_s1.avi,104,0.9073482751846313,0.0,ok
forehand_flat,p51_foreflat_s2.avi,99,0.912308394908905,0.0,ok
forehand_flat,p51_foreflat_s3.avi,104,0.9174144864082336,0.0,ok
forehand_flat,p52_foreflat_s1.avi,71,0.9380468130111694,0.0,ok
forehand_flat,p52_foreflat_s2.avi,61,0.8688268661499023,0.0,ok
forehand_flat,p52_foreflat_s3.avi,57,0.9094216823577881,0.0,ok
forehand_flat,p53_foreflat_s1.avi,76,0.9412860870361328,0.0,ok
forehand_flat,p53_foreflat_s2.avi,62,0.928774893283844,0.0,ok
forehand_flat,p53_foreflat_s3.avi,82,0.9362311959266663,0.0,ok
forehand_flat,p54_foreflat_s1.avi,70,0.9245054721832275,0.0,ok
forehand_flat,p54_foreflat_s2.avi,60,0.9142481684684753,0.0,ok
forehand_flat,p54_foreflat_s3.avi,63,0.9262506365776062,0.0,ok
forehand_flat,p55_foreflat_s1.avi,64,0.9290263056755066,0.0,ok
forehand_flat,p55_foreflat_s2.avi,70,0.9342488050460815,0.0,ok
forehand_flat,p55_foreflat_s3.avi,70,0.9342488050460815,0.0,ok
forehand_flat,p5_foreflat_s1.avi,83,0.9015800356864929,0.0,ok
forehand_flat,p5_foreflat_s2.avi,103,0.9062063097953796,0.0,ok
forehand_flat,p5_foreflat_s3.avi,110,0.9077034592628479,0.0,ok
forehand_flat,p6_foreflat_s1.avi,88,0.92388916015625,0.0,ok
forehand_flat,p6_foreflat_s2.avi,87,0.9208028316497803,0.0,ok
forehand_flat,p6_foreflat_s3.avi,87,0.9308887124061584,0.0,ok
forehand_flat,p7_foreflat_s1.avi,82,0.9416382908821106,0.0,ok
forehand_flat,p7_foreflat_s2.avi,74,0.9496752023696899,0.0,ok
forehand_flat,p7_foreflat_s3.avi,73,0.946895182132721,0.0,ok
forehand_flat,p8_foreflat_s1.avi,82,0.9313899874687195,0.0,ok
forehand_flat,p8_foreflat_s2.avi,71,0.9316493272781372,0.0,ok
forehand_flat,p8_foreflat_s3.avi,66,0.9211186170578003,0.0,ok
forehand_flat,p9_foreflat_s1.avi,97,0.9323963522911072,0.0,ok
forehand_flat,p9_foreflat_s2.avi,83,0.925387442111969,0.0,ok
forehand_flat,p9_foreflat_s3.avi,112,0.9281718730926514,0.0,ok
kick_service,p10_serkick_s1.avi,88,0.9443894624710083,0.0,ok
kick_service,p10_serkick_s2.avi,94,0.9439165592193604,0.0,ok
kick_service,p10_serkick_s3.avi,92,0.9432985186576843,0.0,ok
kick_service,p11_serkick_s1.avi,65,0.9565452933311462,0.0,ok
kick_service,p11_serkick_s2.avi,72,0.9453242421150208,0.0,ok
kick_service,p11_serkick_s3.avi,70,0.9341084957122803,0.0,ok
kick_service,p12_serkick_s1.avi,82,0.9167690873146057,0.0,ok
kick_service,p12_serkick_s2.avi,75,0.9183324575424194,0.0,ok
kick_service,p12_serkick_s3.avi,81,0.9125785231590271,0.0,ok
kick_service,p13_serkick_s1.avi,81,0.9240522980690002,0.0,ok
kick_service,p13_serkick_s2.avi,83,0.918217122554779,0.0,ok
kick_service,p13_serkick_s3.avi,81,0.9272435307502747,0.0,ok
kick_service,p14_serkick_s1.avi,87,0.9444994330406189,0.0,ok
kick_service,p14_serkick_s2.avi,85,0.9284589290618896,0.0,ok
kick_service,p14_serkick_s3.avi,76,0.9349360466003418,0.0,ok
kick_service,p15_serkick_s1.avi,85,0.9315279126167297,0.0,ok
kick_service,p15_serkick_s2.avi,77,0.9247028827667236,0.0,ok
kick_service,p15_serkick_s3.avi,87,0.9246612191200256,0.0,ok
kick_service,p16_serkick_s1.avi,102,0.9046010375022888,0.0,ok
kick_service,p16_serkick_s2.avi,95,0.888984203338623,0.0,ok
kick_service,p16_serkick_s3.avi,85,0.9007236957550049,0.0,ok
kick_service,p17_serkick_s1.avi,66,0.9484976530075073,0.0,ok
kick_service,p17_serkick_s2.avi,55,0.9453966617584229,0.0,ok
kick_service,p17_serkick_s3.avi,63,0.9432457685470581,0.0,ok
kick_service,p18_serkick_s1.avi,75,0.9308098554611206,0.0,ok
kick_service,p18_serkick_s2.avi,96,0.919666588306427,0.0,ok
kick_service,p18_serkick_s3.avi,92,0.9230265617370605,0.0,ok
kick_service,p19_serkick_s1.avi,90,0.9318089485168457,0.0,ok
kick_service,p19_serkick_s2.avi,79,0.9343107342720032,0.0,ok
kick_service,p19_serkick_s3.avi,77,0.9310939908027649,0.0,ok
kick_service,p1_serkick_s1.avi,82,0.9404362440109253,0.0,ok
kick_service,p1_serkick_s2.avi,84,0.9434540271759033,0.0,ok
kick_service,p1_serkick_s3.avi,71,0.9400791525840759,0.0,ok
kick_service,p20_serkick_s1.avi,80,0.9441450238227844,0.0,ok
kick_service,p20_serkick_s2.avi,98,0.9538779258728027,0.0,ok
kick_service,p20_serkick_s3.avi,84,0.9550964832305908,0.0,ok
kick_service,p21_serkick_s1.avi,71,0.9190656542778015,0.0,ok
kick_service,p21_serkick_s2.avi,77,0.9223639369010925,0.0,ok
kick_service,p21_serkick_s3.avi,68,0.9219897985458374,0.0,ok
kick_service,p22_serkick_s1.avi,86,0.9002746343612671,0.0,ok
kick_service,p22_serkick_s2.avi,85,0.9044629335403442,0.0,ok
kick_service,p22_serkick_s3.avi,82,0.901177167892456,0.0,ok
kick_service,p23_serkick_s1.avi,81,0.9181961417198181,0.0,ok
kick_service,p23_serkick_s2.avi,86,0.9269480109214783,0.0,ok
kick_service,p23_serkick_s3.avi,82,0.9414598345756531,0.0,ok
kick_service,p24_serkick_s1.avi,96,0.9188711047172546,0.0,ok
kick_service,p24_serkick_s2.avi,103,0.917060911655426,0.0,ok
kick_service,p24_serkick_s3.avi,92,0.8924288749694824,0.0,ok
kick_service,p25_serkick_s1.avi,82,0.9276933670043945,0.0,ok
kick_service,p25_serkick_s2.avi,69,0.9287421703338623,0.0,ok
kick_service,p25_serkick_s3.avi,68,0.9277132749557495,0.0,ok
kick_service,p26_serkick_s1.avi,89,0.9329201579093933,0.0,ok
kick_service,p26_serkick_s2.avi,99,0.9431747198104858,0.0,ok
kick_service,p26_serkick_s3.avi,95,0.935821533203125,0.0,ok
kick_service,p27_serkick_s1.avi,61,0.9502038955688477,0.0,ok
kick_service,p27_serkick_s2.avi,64,0.9258484840393066,0.0,ok
kick_service,p27_serkick_s3.avi,73,0.9366713762283325,0.0,ok
kick_service,p28_serkick_s1.avi,67,0.9449548721313477,0.0,ok
kick_service,p28_serkick_s2.avi,80,0.9461271166801453,0.0,ok
kick_service,p28_serkick_s3.avi,85,0.9368677735328674,0.0,ok
kick_service,p29_serkick_s1.avi,67,0.9169610142707825,0.0,ok
kick_service,p29_serkick_s2.avi,74,0.9278320670127869,0.0,ok
kick_service,p29_serkick_s3.avi,71,0.9071557521820068,0.0,ok
kick_service,p2_serkick_s1.avi,86,0.9246283173561096,0.0,ok
kick_service,p2_serkick_s2.avi,69,0.9286665916442871,0.0,ok
kick_service,p2_serkick_s3.avi,69,0.9163617491722107,0.0,ok
kick_service,p30_serkick_s1.avi,83,0.939437747001648,0.0,ok
kick_service,p30_serkick_s2.avi,88,0.9280411601066589,0.0,ok
kick_service,p30_serkick_s3.avi,83,0.9352734088897705,0.0,ok
kick_service,p31_serkick_s1.avi,78,0.9500573873519897,0.0,ok
kick_service,p31_serkick_s2.avi,88,0.946800708770752,0.0,ok
kick_service,p31_serkick_s3.avi,79,0.9399619698524475,0.0,ok
kick_service,p32_serkick_s1.avi,109,0.8915178179740906,0.0,ok
kick_service,p32_serkick_s2.avi,90,0.8893557786941528,0.0,ok
kick_service,p32_serkick_s3.avi,91,0.8896881937980652,0.0,ok
kick_service,p33_serkick_s1.avi,70,0.8893421292304993,0.0,ok
kick_service,p33_serkick_s2.avi,69,0.8945951461791992,0.0,ok
kick_service,p33_serkick_s3.avi,78,0.8888957500457764,0.0,ok
kick_service,p34_serkick_s1.avi,77,0.9083732962608337,0.0,ok
kick_service,p34_serkick_s2.avi,77,0.8967182636260986,0.0,ok
kick_service,p34_serkick_s3.avi,79,0.8831647038459778,0.0,ok
kick_service,p35_serkick_s1.avi,67,0.9123614430427551,0.0,ok
kick_service,p35_serkick_s2.avi,81,0.9149153828620911,0.0,ok
kick_service,p35_serkick_s3.avi,75,0.8970507979393005,0.0,ok
kick_service,p36_serkick_s1.avi,61,0.9078778624534607,0.0,ok
kick_service,p36_serkick_s2.avi,48,0.8946236371994019,0.0,ok
kick_service,p36_serkick_s3.avi,68,0.8904328346252441,0.0,ok
kick_service,p37_serkick_s1.avi,75,0.9618368744850159,0.0,ok
kick_service,p37_serkick_s2.avi,79,0.9610375761985779,0.0,ok
kick_service,p37_serkick_s3.avi,82,0.9614300727844238,0.0,ok
kick_service,p38_serkick_s1.avi,88,0.9112544059753418,0.0,ok
kick_service,p38_serkick_s2.avi,89,0.9233980774879456,0.0,ok
kick_service,p38_serkick_s3.avi,104,0.9273470640182495,0.0,ok
kick_service,p39_serkick_s1.avi,89,0.9203125238418579,0.0,ok
kick_service,p39_serkick_s2.avi,111,0.9071745872497559,0.0,ok
kick_service,p39_serkick_s3.avi,121,0.9098519682884216,0.0,ok
kick_service,p3_serkick_s1.avi,87,0.9300178289413452,0.0,ok
kick_service,p3_serkick_s2.avi,100,0.9310709834098816,0.0,ok
kick_service,p3_serkick_s3.avi,98,0.9307509660720825,0.0,ok
kick_service,p40_serkick_s1.avi,71,0.8924290537834167,0.0,ok
kick_service,p40_serkick_s2.avi,78,0.8811426162719727,0.0,ok
kick_service,p40_serkick_s3.avi,71,0.8694909811019897,0.0,ok
kick_service,p41_serkick_s1.avi,65,0.8832402229309082,0.0,ok
kick_service,p41_serkick_s2.avi,64,0.8961852788925171,0.0,ok
kick_service,p41_serkick_s3.avi,66,0.890559732913971,0.0,ok
kick_service,p42_serkick_s1.avi,96,0.9263163805007935,0.0,ok
kick_service,p42_serkick_s2.avi,89,0.9190436005592346,0.0,ok
kick_service,p42_serkick_s3.avi,95,0.9263296127319336,0.0,ok
kick_service,p43_serkick_s1.avi,92,0.8906847238540649,0.0,ok
kick_service,p43_serkick_s2.avi,92,0.8910678625106812,0.0,ok
kick_service,p43_serkick_s3.avi,94,0.8452642560005188,0.0,ok
kick_service,p44_serkick_s1.avi,71,0.9178157448768616,0.0,ok
kick_service,p44_serkick_s2.avi,74,0.8883232474327087,0.0,ok
kick_service,p44_serkick_s3.avi,81,0.891715943813324,0.0,ok
kick_service,p45_serkick_s1.avi,79,0.8816832304000854,0.0,ok
kick_service,p45_serkick_s2.avi,71,0.8794170022010803,0.0,ok
kick_service,p45_serkick_s3.avi,71,0.8993622660636902,0.0,ok
kick_service,p46_serkick_s1.avi,92,0.9005663990974426,0.0,ok
kick_service,p46_serkick_s2.avi,73,0.8986860513687134,0.0,ok
kick_service,p46_serkick_s3.avi,88,0.883830189704895,0.0,ok
kick_service,p47_serkick_s1.avi,78,0.9140797853469849,0.0,ok
kick_service,p47_serkick_s2.avi,99,0.8420456647872925,0.0,ok
kick_service,p47_serkick_s3.avi,78,0.8930599689483643,0.0,ok
kick_service,p48_serkick_s1.avi,60,0.9190881848335266,0.0,ok
kick_service,p48_serkick_s2.avi,73,0.9229043126106262,0.0,ok
kick_service,p48_serkick_s3.avi,75,0.9191086292266846,0.0,ok
kick_service,p49_serkick_s1.avi,90,0.9275931715965271,0.0,ok
kick_service,p49_serkick_s2.avi,71,0.9167914390563965,0.0,ok
kick_service,p49_serkick_s3.avi,82,0.9186095595359802,0.0,ok
kick_service,p4_serkick_s1.avi,102,0.934057891368866,0.0,ok
kick_service,p4_serkick_s2.avi,112,0.9223830103874207,0.0,ok
kick_service,p4_serkick_s3.avi,119,0.9251407980918884,0.0,ok
kick_service,p50_serkick_s1.avi,87,0.9390341639518738,0.0,ok
kick_service,p50_serkick_s2.avi,100,0.9325534701347351,0.0,ok
kick_service,p50_serkick_s3.avi,106,0.9361457824707031,0.0,ok
kick_service,p51_serkick_s1.avi,122,0.8865918517112732,0.0,ok
kick_service,p51_serkick_s2.avi,111,0.8945726752281189,0.0,ok
kick_service,p51_serkick_s3.avi,102,0.8871389031410217,0.0,ok
kick_service,p52_serkick_s1.avi,83,0.9326962828636169,0.0,ok
kick_service,p52_serkick_s2.avi,85,0.9283621311187744,0.0,ok
kick_service,p52_serkick_s3.avi,82,0.9050554037094116,0.0,ok
kick_service,p53_serkick_s1.avi,79,0.9145485758781433,0.0,ok
kick_service,p53_serkick_s2.avi,67,0.9238446354866028,0.0,ok
kick_service,p53_serkick_s3.avi,77,0.9336186647415161,0.0,ok
kick_service,p54_serkick_s1.avi,66,0.8961583971977234,0.0,ok
kick_service,p54_serkick_s2.avi,60,0.9018064141273499,0.0,ok
kick_service,p54_serkick_s3.avi,61,0.8895934224128723,0.0,ok
kick_service,p55_serkick_s1.avi,85,0.9343094229698181,0.0,ok
kick_service,p55_serkick_s2.avi,81,0.9247819781303406,0.0,ok
kick_service,p55_serkick_s3.avi,81,0.9035068154335022,0.0,ok
kick_service,p5_serkick_s1.avi,87,0.9306488633155823,0.0,ok
kick_service,p5_serkick_s2.avi,84,0.9333394169807434,0.0,ok
kick_service,p5_serkick_s3.avi,75,0.9396647810935974,0.0,ok
kick_service,p6_serkick_s1.avi,75,0.9166200160980225,0.0,ok
kick_service,p6_serkick_s2.avi,84,0.9256969690322876,0.0,ok
kick_service,p6_serkick_s3.avi,69,0.9312828183174133,0.0,ok
kick_service,p7_serkick_s1.avi,59,0.9270535707473755,0.0,ok
kick_service,p7_serkick_s2.avi,75,0.938111424446106,0.0,ok
kick_service,p7_serkick_s3.avi,84,0.9407709240913391,0.0,ok
kick_service,p8_serkick_s1.avi,69,0.9566233158111572,0.0,ok
kick_service,p8_serkick_s2.avi,74,0.9605247974395752,0.0,ok
kick_service,p8_serkick_s3.avi,79,0.95868980884552,0.0,ok
kick_service,p9_serkick_s1.avi,89,0.9078031182289124,0.0,ok
kick_service,p9_serkick_s2.avi,78,0.9111112952232361,0.0,ok
kick_service,p9_serkick_s3.avi,82,0.903762698173523,0.0,ok
smash,p10_smash_s1.avi,68,0.9310328960418701,0.0,ok
smash,p10_smash_s2.avi,67,0.941352128982544,0.0,ok
smash,p10_smash_s3.avi,75,0.9426920413970947,0.0,ok
smash,p11_smash_s1.avi,64,0.9580553770065308,0.0,ok
smash,p11_smash_s2.avi,58,0.9590909481048584,0.0,ok
smash,p11_smash_s3.avi,52,0.9526104927062988,0.0,ok
smash,p12_smash_s1.avi,66,0.9427482485771179,0.0,ok
smash,p12_smash_s2.avi,65,0.9429024457931519,0.0,ok
smash,p12_smash_s3.avi,67,0.9362167119979858,0.0,ok
smash,p13_smash_s1.avi,81,0.9129724502563477,0.0,ok
smash,p13_smash_s2.avi,68,0.9076399803161621,0.0,ok
smash,p13_smash_s3.avi,83,0.9119972586631775,0.0,ok
smash,p14_smash_s1.avi,53,0.9550430178642273,0.0,ok
smash,p14_smash_s2.avi,48,0.9609428644180298,0.0,ok
smash,p14_smash_s3.avi,52,0.9658302068710327,0.0,ok
smash,p15_smash_s1.avi,52,0.9057265520095825,0.0,ok
smash,p15_smash_s2.avi,69,0.923380970954895,0.0,ok
smash,p15_smash_s3.avi,63,0.9217730760574341,0.0,ok
smash,p16_smash_s1.avi,85,0.8924704790115356,0.0,ok
smash,p16_smash_s2.avi,84,0.9049802422523499,0.0,ok
smash,p16_smash_s3.avi,87,0.8716576099395752,0.0,ok
smash,p17_smash_s1.avi,49,0.9605439305305481,0.0,ok
smash,p17_smash_s2.avi,39,0.9558108448982239,0.0,ok
smash,p17_smash_s3.avi,46,0.9528210759162903,0.0,ok
smash,p18_smash_s1.avi,52,0.9380836486816406,0.0,ok
smash,p18_smash_s2.avi,58,0.9475435614585876,0.0,ok
smash,p18_smash_s3.avi,58,0.9365177154541016,0.0,ok
smash,p19_smash_s1.avi,75,0.9474831223487854,0.0,ok
smash,p19_smash_s2.avi,82,0.9463403820991516,0.0,ok
smash,p19_smash_s3.avi,82,0.9454087615013123,0.0,ok
smash,p1_smash_s1.avi,59,0.9563465118408203,0.0,ok
smash,p1_smash_s2.avi,67,0.9537940621376038,0.0,ok
smash,p1_smash_s3.avi,57,0.9529326558113098,0.0,ok
smash,p20_smash_s1.avi,89,0.9505653381347656,0.0,ok
smash,p20_smash_s2.avi,84,0.9563988447189331,0.0,ok
smash,p20_smash_s3.avi,75,0.9497727155685425,0.0,ok
smash,p21_smash_s1.avi,68,0.9326843619346619,0.0,ok
smash,p21_smash_s2.avi,52,0.945132315158844,0.0,ok
smash,p21_smash_s3.avi,61,0.9425158500671387,0.0,ok
smash,p22_smash_s1.avi,58,0.9073043465614319,0.0,ok
smash,p22_smash_s2.avi,70,0.8980414271354675,0.0,ok
smash,p22_smash_s3.avi,70,0.8936288356781006,0.0,ok
smash,p23_smash_s1.avi,71,0.9195878505706787,0.0,ok
smash,p23_smash_s2.avi,70,0.9231094717979431,0.0,ok
smash,p23_smash_s3.avi,78,0.9305431246757507,0.0,ok
smash,p24_smash_s1.avi,78,0.9297230243682861,0.0,ok
smash,p24_smash_s2.avi,100,0.9398970007896423,0.0,ok
smash,p24_smash_s3.avi,80,0.9337478876113892,0.0,ok
smash,p25_smash_s1.avi,71,0.9217954874038696,0.0,ok
smash,p25_smash_s2.avi,71,0.8970078229904175,0.0,ok
smash,p25_smash_s3.avi,80,0.8405874967575073,0.0,ok
smash,p26_smash_s1.avi,76,0.9330242276191711,0.0,ok
smash,p26_smash_s2.avi,83,0.9279170632362366,0.0,ok
smash,p26_smash_s3.avi,72,0.9340822100639343,0.0,ok
smash,p27_smash_s1.avi,52,0.9284532070159912,0.0,ok
smash,p27_smash_s2.avi,57,0.9199926257133484,0.0,ok
smash,p27_smash_s3.avi,62,0.9212297797203064,0.0,ok
smash,p28_smash_s1.avi,56,0.9550845623016357,0.0,ok
smash,p28_smash_s2.avi,68,0.9583985209465027,0.0,ok
smash,p28_smash_s3.avi,74,0.9149851202964783,0.0,ok
smash,p29_smash_s1.avi,68,0.9330393671989441,0.0,ok
smash,p29_smash_s2.avi,72,0.9493638873100281,0.0,ok
smash,p29_smash_s3.avi,58,0.9445830583572388,0.0,ok
smash,p2_smash_s1.avi,78,0.9456228017807007,0.0,ok
smash,p2_smash_s2.avi,71,0.9443578124046326,0.0,ok
smash,p2_smash_s3.avi,65,0.9400191903114319,0.0,ok
smash,p30_smash_s1.avi,71,0.9458349943161011,0.0,ok
smash,p30_smash_s2.avi,62,0.9368919730186462,0.0,ok
smash,p30_smash_s3.avi,76,0.9404088854789734,0.0,ok
smash,p31_smash_s1.avi,67,0.8998851180076599,0.0,ok
smash,p31_smash_s2.avi,72,0.9388597011566162,0.0,ok
smash,p31_smash_s3.avi,73,0.9335048198699951,0.0,ok
smash,p32_smash_s1.avi,87,0.9055339097976685,0.0,ok
smash,p32_smash_s2.avi,65,0.8873535990715027,0.0,ok
smash,p32_smash_s3.avi,83,0.8888038992881775,0.0,ok
smash,p33_smash_s1.avi,53,0.9242642521858215,0.0,ok
smash,p33_smash_s2.avi,49,0.9265658855438232,0.0,ok
smash,p33_smash_s3.avi,44,0.9117074012756348,0.0,ok
smash,p34_smash_s1.avi,65,0.9326900839805603,0.0,ok
smash,p34_smash_s2.avi,58,0.9093091487884521,0.0,ok
smash,p34_smash_s3.avi,64,0.932711124420166,0.0,ok
smash,p35_smash_s1.avi,84,0.9205546975135803,0.0,ok
smash,p35_smash_s2.avi,59,0.9330693483352661,0.0,ok
smash,p35_smash_s3.avi,67,0.9312647581100464,0.0,ok
smash,p36_smash_s1.avi,57,0.9183931350708008,0.0,ok
smash,p36_smash_s2.avi,53,0.9064443111419678,0.0,ok
smash,p36_smash_s3.avi,66,0.8976711630821228,0.0,ok
smash,p37_smash_s1.avi,76,0.9328022003173828,0.0,ok
smash,p37_smash_s2.avi,78,0.9314191341400146,0.0,ok
smash,p37_smash_s3.avi,79,0.895923912525177,0.0,ok
smash,p38_smash_s1.avi,90,0.9322506785392761,0.0,ok
smash,p38_smash_s2.avi,77,0.9364473223686218,0.0,ok
smash,p38_smash_s3.avi,68,0.9144748449325562,0.0,ok
smash,p39_smash_s1.avi,87,0.9133508801460266,0.0,ok
smash,p39_smash_s2.avi,82,0.902622401714325,0.0,ok
smash,p39_smash_s3.avi,100,0.9232020974159241,0.0,ok
smash,p3_smash_s1.avi,67,0.9424226880073547,0.0,ok
smash,p3_smash_s2.avi,76,0.9433374404907227,0.0,ok
smash,p3_smash_s3.avi,66,0.9488756060600281,0.0,ok
smash,p40_smash_s1.avi,73,0.8996782898902893,0.0,ok
smash,p40_smash_s2.avi,77,0.8989753723144531,0.0,ok
smash,p40_smash_s3.avi,75,0.8949605822563171,0.0,ok
smash,p41_smash_s1.avi,65,0.9083712697029114,0.0,ok
smash,p41_smash_s2.avi,69,0.9054994583129883,0.0,ok
smash,p41_smash_s3.avi,66,0.9097194671630859,0.0,ok
smash,p42_smash_s1.avi,71,0.9332117438316345,0.0,ok
smash,p42_smash_s2.avi,61,0.9279661178588867,0.0,ok
smash,p42_smash_s3.avi,65,0.9144713878631592,0.0,ok
smash,p43_smash_s1.avi,75,0.8875394463539124,0.0,ok
smash,p43_smash_s2.avi,74,0.8755802512168884,0.0,ok
smash,p43_smash_s3.avi,78,0.8417224884033203,0.0,ok
smash,p44_smash_s1.avi,74,0.907234251499176,0.0,ok
smash,p44_smash_s2.avi,59,0.8922985792160034,0.0,ok
smash,p44_smash_s3.avi,85,0.9013382792472839,0.0,ok
smash,p45_smash_s1.avi,47,0.8633835911750793,0.0,ok
smash,p45_smash_s2.avi,59,0.8803008794784546,0.0,ok
smash,p45_smash_s3.avi,73,0.9007380604743958,0.0,ok
smash,p46_smash_s1.avi,79,0.9031686782836914,0.0,ok
smash,p46_smash_s2.avi,78,0.9109008312225342,0.0,ok
smash,p46_smash_s3.avi,75,0.9091245532035828,0.0,ok
smash,p47_smash_s1.avi,57,0.9209825992584229,0.0,ok
smash,p47_smash_s2.avi,61,0.9228176474571228,0.0,ok
smash,p47_smash_s3.avi,72,0.9161445498466492,0.0,ok
smash,p48_smash_s1.avi,68,0.9132447838783264,0.0,ok
smash,p48_smash_s2.avi,53,0.9118643403053284,0.0,ok
smash,p48_smash_s3.avi,56,0.922736406326294,0.0,ok
smash,p49_smash_s1.avi,74,0.9290624260902405,0.0,ok
smash,p49_smash_s2.avi,71,0.9331173896789551,0.0,ok
smash,p49_smash_s3.avi,89,0.9415114521980286,0.0,ok
smash,p4_smash_s1.avi,91,0.941415548324585,0.0,ok
smash,p4_smash_s2.avi,101,0.9398905038833618,0.0,ok
smash,p4_smash_s3.avi,100,0.941596269607544,0.0,ok
smash,p50_smash_s1.avi,82,0.9250919222831726,0.0,ok
smash,p50_smash_s2.avi,78,0.9249101877212524,0.0,ok
smash,p50_smash_s3.avi,92,0.9182076454162598,0.0,ok
smash,p51_smash_s1.avi,118,0.9001834392547607,0.0,ok
smash,p51_smash_s2.avi,96,0.8947231769561768,0.0,ok
smash,p51_smash_s3.avi,101,0.8878410458564758,0.0,ok
smash,p52_smash_s1.avi,67,0.9313956499099731,0.0,ok
smash,p52_smash_s2.avi,67,0.9400498867034912,0.0,ok
smash,p52_smash_s3.avi,69,0.9320768713951111,0.0,ok
smash,p53_smash_s1.avi,63,0.941964864730835,0.0,ok
smash,p53_smash_s2.avi,68,0.943821907043457,0.0,ok
smash,p53_smash_s3.avi,64,0.9293741583824158,0.0,ok
smash,p54_smash_s1.avi,75,0.9149398803710938,0.0,ok
smash,p54_smash_s2.avi,63,0.9056137800216675,0.0,ok
smash,p54_smash_s3.avi,63,0.908452033996582,0.0,ok
smash,p55_smash_s1.avi,74,0.848070502281189,0.0,ok
smash,p55_smash_s2.avi,73,0.9072853922843933,0.0,ok
smash,p55_smash_s3.avi,60,0.9001132249832153,0.0,ok
smash,p5_smash_s1.avi,68,0.9415307641029358,0.0,ok
smash,p5_smash_s2.avi,70,0.9550705552101135,0.0,ok
smash,p5_smash_s3.avi,69,0.9410030841827393,0.0,ok
smash,p6_smash_s1.avi,88,0.9381930828094482,0.0,ok
smash,p6_smash_s2.avi,88,0.9117106199264526,0.0,ok
smash,p6_smash_s3.avi,80,0.9168450832366943,0.0,ok
smash,p7_smash_s1.avi,59,0.9475876688957214,0.0,ok
smash,p7_smash_s2.avi,62,0.950287938117981,0.0,ok
smash,p7_smash_s3.avi,65,0.9482070803642273,0.0,ok
smash,p8_smash_s1.avi,75,0.9608796834945679,0.0,ok
smash,p8_smash_s2.avi,68,0.9606347680091858,0.0,ok
smash,p8_smash_s3.avi,66,0.9488775730133057,0.0,ok
smash,p9_smash_s1.avi,80,0.892049252986908,0.0,ok
smash,p9_smash_s2.avi,86,0.8880923986434937,0.0,ok
smash,p9_smash_s3.avi,86,0.8875365257263184,0.0,ok
